john.hillnob@ninjamail.org, Oxford, John Hillnob
linda.mellonson@ninyahoo.co, Leicester, Linda Mellonson
mary.nipson@ninyahoo.co, Oxford, Mary Nipson
jason.castlenob@ninjamail.org, Cambridge, Jason Castlenob
diana.castlebutter@ninjamail.org, Cambridge, Diana Castlebutter
mary.gradnip@hotsumo.com, Oxford, Mary Gradnip
john.nipwhale@ninyahoo.co, Newcastle, John Nipwhale
john.hillwhale@hotsumo.com, Newcastle, John Hillwhale
tim.nobwhale@hotsumo.com, Leicester, Tim Nobwhale
tim.whalenob@dojobox.net, Newcastle, Tim Whalenob
anna.castlemellon@ninjamail.org, London, Anna Castlemellon
diana.castlecastle@ninjamail.org, Newcastle, Diana Castlecastle
diana.nobsmith@ninyahoo.co, Leicester, Diana Nobsmith
carol.whalenob@ninyahoo.co, London, Carol Whalenob
anna.gradhill@hotsumo.com, London, Anna Gradhill
john.castlebutter@ninyahoo.co, London, John Castlebutter
mary.nobmellon@ninjamail.org, London, Mary Nobmellon
carol.smithgrad@dojobox.net, Newcastle, Carol Smithgrad
david.hillcastle@ninyahoo.co, London, David Hillcastle
maggie.smithgrad@dojobox.net, Newcastle, Maggie Smithgrad
anna.nipsmith@ninyahoo.co, London, Anna Nipsmith
diana.underbutter@ninyahoo.co, Leicester, Diana Underbutter
maggie.butterson@ninjamail.org, Leicester, Maggie Butterson
mary.scotchnob@dojobox.net, Leicester, Mary Scotchnob
tim.butternip@ninyahoo.co, Oxford, Tim Butternip
john.whalescotch@hotsumo.com, Oxford, John Whalescotch
diana.melloncastle@ninyahoo.co, Newcastle, Diana Melloncastle
diana.scotchcastle@ninyahoo.co, Oxford, Diana Scotchcastle
carol.smithsmith@ninjamail.org, Newcastle, Carol Smithsmith
mary.castlenob@ninjamail.org, Newcastle, Mary Castlenob
